[
  {
    "query": "A simple, clean airplane icon suitable for a travel app favicon, with transparent background",
    "image_info": {
      "url": "https://img.icons8.com/ios7/1200/airplane-take-off.jpg",
      "img_format": "JPEG",
      "mode": "RGB",
      "file_size": 49600,
      "width": 1200,
      "height": 1200,
      "total_pixels": 1440000,
      "basic_score": 0.8736124588297153,
      "file_name": "airplane_favicon_4.jpg"
    },
    "llm_score": null
  },
  {
    "query": "A simple, clean airplane icon suitable for a travel app favicon, with transparent background",
    "image_info": {
      "url": "https://img.icons8.com/dotty/1200/airplane-mode-on.jpg",
      "img_format": "JPEG",
      "mode": "RGB",
      "file_size": 46274,
      "width": 1200,
      "height": 1200,
      "total_pixels": 1440000,
      "basic_score": 0.8732879811805375,
      "file_name": "airplane_favicon_2.jpg"
    },
    "llm_score": null
  },
  {
    "query": "A simple, clean airplane icon suitable for a travel app favicon, with transparent background",
    "image_info": {
      "url": "https://img.icons8.com/color/1200/airplane-mode-on.jpg",
      "img_format": "JPEG",
      "mode": "RGB",
      "file_size": 30725,
      "width": 1200,
      "height": 1200,
      "total_pixels": 1440000,
      "basic_score": 0.8717594937995669,
      "file_name": "airplane_favicon_9.jpg"
    },
    "llm_score": null
  }
]